,x,y
0,0.328553,0.220345
1,0.0317349,0.542671
2,0.042037,0.56037
3,0.0528704,0.578722
4,0.0933374,0.443398
5,0.0484053,0.567455
6,0.300272,0.208741
7,0.0806702,0.630423
8,0.105805,0.440699
9,0.101986,0.435262
10,0.0979401,0.66005
11,0.118289,0.696487
12,0.249333,0.432
13,0.0380439,0.554423
14,0.378268,0.354539
15,0.153887,0.753765
16,0.332678,0.217493
17,0.103904,0.66338
18,0.0740741,0.615567
19,0.649537,0.172854
20,0.103009,0.365355
21,0.184716,0.220099
22,0.23538,0.198557
23,0.293361,0.074015
24,0.161211,0.245579
25,0.0952192,0.442725
26,0.101813,0.434581
27,0.144912,0.737037
28,0.191748,0.733642
29,0.210696,0.727059
30,0.121018,0.695577
31,0.12667,0.70383
32,0.0686869,0.609933
33,0.116829,0.692145
34,0.106082,0.671967
35,0.114348,0.686276
36,0.157021,0.762393
37,0.129207,0.712238
38,0.0919688,0.445926
39,0.142981,0.730463
40,0.161722,0.747296
41,0.316134,0.0751852
42,0.649826,0.133256
43,0.0308345,0.542124
44,0.242677,0.191604
45,0.29598,0.0949187
46,0.383584,0.0748071
47,0.0412645,0.558623
48,0.0325019,0.54195
49,0.105483,0.665868
50,0.0516666,0.572016
51,0.56661,0.117236
52,0.0382132,0.488814
53,0.0758857,0.470028
54,0.0765564,0.616174
55,0.0827279,0.624448
56,0.0597176,0.588027
57,0.131828,0.713569
58,0.0614166,0.588908
59,0.0603621,0.592052
60,0.105996,0.670169
61,0.0710053,0.600176
62,0.120583,0.691937
63,0.0586034,0.586111
64,0.124216,0.383028
65,0.0171111,0.511815
66,0.0357143,0.545482
67,0.0822104,0.630733
68,0.143343,0.728278
69,0.0888408,0.4462
70,0.061462,0.589961
71,0.0399878,0.553256
72,0.0567431,0.539734
73,0.0349794,0.542161
74,0.0592945,0.484991
75,0.0949912,0.442645
76,0.0206536,0.512135
77,0.0376906,0.539779
78,0.030102,0.527721
79,0.0702005,0.460007
80,0.0840596,0.452106
81,0.0871823,0.446696
82,0.0888889,0.446156
83,0.0888228,0.449008
84,0.0538959,0.579752
85,0.0616606,0.595747
86,0.119969,0.697213
87,0.082826,0.449493
88,0.117827,0.560765
89,0.334321,0.652346
90,0.0431774,0.564133
91,0.546032,0.098201
92,0.534512,0.0847924
93,0.617253,0.0765588
94,0.0570668,0.474372
95,0.0674272,0.453935
96,0.456166,0.0730008
97,0.10687,0.455317
98,0.0955517,0.44034
99,0.0530803,0.58073
100,0.0938195,0.441875
101,0.550309,0.0804012
102,0.0471216,0.568619
103,0.11917,0.441982
104,0.0186772,0.507936
105,0.571469,0.11615
106,0.169392,0.464191
107,0.0522037,0.578556
108,0.0728695,0.59813
109,0.0714647,0.455387
110,0.0845062,0.449167
111,0.0315779,0.541956
112,0.0752753,0.617217
113,0.153537,0.748148
114,0.0898929,0.508902
115,0.14082,0.474921
116,0.111279,0.420707
117,0.124903,0.446984
118,0.0152007,0.509799
119,0.0979905,0.656482
120,0.243347,0.0910609
121,0.251287,0.0875791
122,0.125521,0.704065
123,0.0970782,0.439424
124,0.0625272,0.58553
125,0.0677848,0.475332
126,0.059321,0.592654
127,0.0983092,0.657263
128,0.0572037,0.58637
129,0.0201289,0.491425
130,0.089245,0.643875
131,0.140941,0.73023
132,0.0561619,0.568191
133,0.0686294,0.57409
134,0.0823903,0.613615
135,0.145178,0.737701
136,0.164963,0.773852
137,0.544009,0.817556
138,0.124356,0.701711
139,0.154245,0.74993
140,0.0921957,0.647404
141,0.655575,0.868421
142,0.0187757,0.488066
143,0.0500356,0.572329
144,0.0200065,0.485747
145,0.167687,0.773148
146,0.488227,0.0729403
147,0.653835,0.266741
148,0.528893,0.0780724
149,0.153047,0.750657
150,0.163307,0.77205
151,0.0364834,0.542669
152,0.0993827,0.446053
153,0.0366213,0.545559
154,0.0187037,0.491049
155,0.0480915,0.459429
156,0.0338112,0.54771
157,0.0574452,0.588794
158,0.0204454,0.4755
159,0.0418737,0.462854
160,0.0825697,0.448435
161,0.0175292,0.514866
162,0.0173333,0.51963
163,0.0511156,0.478291
164,0.0846684,0.636413
165,0.748901,0.0871312
166,0.683099,0.0900171
167,0.608343,0.0722222
168,0.149123,0.740137
169,0.487989,0.195859
170,0.0699346,0.604466
171,0.143241,0.71912
172,0.108226,0.674548
173,0.0407833,0.558344
174,0.0416264,0.558494
175,0.0429356,0.562963
176,0.0967736,0.440206
177,0.063165,0.595606
178,0.0917751,0.586386
179,0.0202521,0.492317
180,0.0437322,0.554345
181,0.0722868,0.61081
182,0.0948427,0.441039
183,0.131431,0.708771
184,0.161111,0.767733
185,0.239288,0.888841
186,0.130417,0.657698
187,0.179962,0.731149
188,0.0854684,0.362266
189,0.0424952,0.559032
190,0.180028,0.800259
191,0.166564,0.778704
192,0.164997,0.772144
193,0.548576,0.255306
194,0.547877,0.254743
195,0.0367355,0.549699
196,0.0560821,0.584513
197,0.178694,0.793738
198,0.0726535,0.614282
199,0.240278,0.896354
200,0.160414,0.7636
201,0.277416,0.192997
202,0.221795,0.409117
203,0.183001,0.803774
204,0.257363,0.0808568
205,0.154448,0.75336
206,0.0642361,0.599907
207,0.14642,0.737989
208,0.148522,0.473475
209,0.092653,0.650785
210,0.0823771,0.532954
211,0.0686482,0.605296
212,0.0473203,0.572113
213,0.0493177,0.57345
214,0.0606326,0.593633
215,0.192574,0.821704
216,0.2381,0.90187
217,0.719796,0.337241
218,0.637037,0.493845
219,0.127139,0.705965
220,0.508684,0.217993
221,0.0577697,0.587399
222,0.117788,0.690611
223,0.606049,0.214815
224,0.196991,0.787632
225,0.131549,0.711785
226,0.151108,0.654891
227,0.362371,0.645461
228,0.498324,0.451111
229,0.0939186,0.44433
230,0.240438,0.232443
231,0.107487,0.675495
232,0.578304,0.890819
233,0.629109,0.868374
234,0.0404846,0.541745
235,0.0993012,0.437928
236,0.155508,0.459706
237,0.0546384,0.566614
238,0.0706323,0.613225
239,0.0490643,0.463353
240,0.0185185,0.508113
241,0.0376483,0.547968
242,0.0331893,0.539053
243,0.0799304,0.624707
244,0.143404,0.732822
245,0.0477746,0.5468
246,0.0514743,0.578695
247,0.0356356,0.549583
248,0.0335922,0.537535
249,0.0386218,0.544907
250,0.0343466,0.541754
251,0.0233452,0.521237
252,0.03639,0.457809
253,0.0400852,0.543133
254,0.0411503,0.545691
255,0.0620625,0.591182
256,0.0424532,0.462346
257,0.0313531,0.542574
258,0.0505747,0.576086
259,0.0339002,0.543594
260,0.0533652,0.489287
261,0.146736,0.741039
262,0.0536897,0.574748
263,0.0986289,0.435755
264,0.655433,0.896724
265,0.0798354,0.628584
266,0.0963362,0.440382
267,0.096316,0.439244
268,0.0969815,0.440259
269,0.117112,0.56964
270,0.111981,0.564296
271,0.572461,0.125129
272,0.118878,0.390363
273,0.522636,0.0838344
274,0.0965342,0.437207
275,0.539201,0.106638
276,0.0817696,0.451358
277,0.651254,0.167364
278,0.0327304,0.5427
279,0.0581897,0.584515
280,0.0350684,0.537855
281,0.0618056,0.595899
282,0.0373984,0.550241
283,0.0646113,0.457306
284,0.0895768,0.453175
285,0.088753,0.449541
286,0.0643266,0.599007
287,0.0566873,0.58617
288,0.0787557,0.451457
289,0.0593496,0.586314
290,0.0475415,0.548627
291,0.0343292,0.543291
292,0.102344,0.436013
293,0.65205,0.158135
294,0.0180385,0.491564
295,0.850154,0.408865
296,0.0805399,0.450816
297,0.0770976,0.450529
298,0.0779836,0.451276
299,0.089224,0.449806
300,0.149854,0.466423
301,0.141942,0.718518
302,0.0850897,0.449943
303,0.130196,0.676094
304,0.129291,0.710434
305,0.319574,0.203803
306,0.648476,0.881411
307,0.265177,0.118093
308,0.658661,0.877199
309,0.43682,0.918735
310,0.616281,0.915432
311,0.956834,0.454564
312,0.063435,0.593355
313,0.873464,0.7035
314,0.872904,0.694834
315,0.150522,0.747911
316,0.156535,0.755598
317,0.664649,0.861467
318,0.0916066,0.446344
319,0.328181,0.188129
320,0.0945474,0.446502
321,0.0733494,0.457105
322,0.0400333,0.557865
323,0.0966946,0.439606
324,0.540093,0.246042
325,0.565794,0.274841
326,0.0906349,0.445688
327,0.225113,0.256028
328,0.106027,0.666772
329,0.139616,0.721792
330,0.43192,0.923765
331,0.150819,0.744249
332,0.0950768,0.43916
333,0.0512506,0.473304
334,0.0417509,0.547854
335,0.37655,0.360749
336,0.474947,0.372222
337,0.156863,0.740051
338,0.875374,0.303014
339,0.201504,0.670766
340,0.0671618,0.598863
341,0.34209,0.229401
342,0.211675,0.730161
343,0.0984867,0.653843
344,0.152787,0.742985
345,0.0877743,0.636591
346,0.147479,0.735408
347,0.179181,0.734493
348,0.0930307,0.444962
349,0.0909192,0.444645
350,0.0349715,0.549122
351,0.0831176,0.627185
352,0.321693,0.211183
353,0.0569201,0.575634
354,0.132831,0.711128
355,0.0907157,0.444745
356,0.0839835,0.627344
357,0.0775699,0.476436
358,0.0347325,0.548416
359,0.0394235,0.553398
360,0.115832,0.582621
361,0.159236,0.755255
362,0.100333,0.43712
363,0.135109,0.571745
364,0.0929331,0.445253
365,0.342659,0.236243
366,0.0607253,0.586806
367,0.326528,0.22125
368,0.612776,0.234727
369,0.494828,0.268519
370,0.871991,0.385509
371,0.0976674,0.44099
372,0.159633,0.467735
373,0.0965897,0.657921
374,0.0939342,0.64367
375,0.0823068,0.452617
376,0.121218,0.697992
377,0.0536663,0.574673
378,0.10922,0.677738
379,0.0767321,0.452266
380,0.492029,0.37394
381,0.0555764,0.480504
382,0.0448934,0.568481
383,0.0508763,0.569742
384,0.0923226,0.445448
385,0.135583,0.723795
386,0.103253,0.426554
387,0.549788,0.0926312
388,0.542247,0.110094
389,0.0758008,0.454279
390,0.133036,0.569549
391,0.0944251,0.442303
392,0.289506,0.229924
393,0.0819523,0.46731
394,0.0970407,0.439815
395,0.0774496,0.450375
396,0.102367,0.434135
397,0.090873,0.453401
398,0.147383,0.466055
399,0.0817664,0.454742
400,0.0606622,0.587729
401,0.0607744,0.593865
402,0.0711317,0.608724
403,0.151258,0.730259
404,0.0416667,0.556447
405,0.584192,0.923645
406,0.17965,0.263748
407,0.0611111,0.587666
408,0.0373247,0.55133
409,0.0338216,0.54202
410,0.0706494,0.454693
411,0.0394389,0.556436
412,0.0953704,0.44229
413,0.069325,0.456213
414,0.0763987,0.619858
415,0.0974458,0.440272
416,0.0899871,0.447438
417,0.0977091,0.440894
418,0.0918981,0.639911
419,0.120251,0.562286
420,0.0744757,0.454886
421,0.081211,0.451353
422,0.354796,0.807241
423,0.0386071,0.548068
424,0.0488925,0.575
425,0.0467641,0.566355
426,0.0683215,0.591371
427,0.138907,0.722444
428,0.0982604,0.434736
429,0.0887324,0.445018
430,0.172846,0.766813
431,0.674431,0.830581
432,0.165832,0.768884
433,0.138669,0.728144
434,0.138834,0.726971
435,0.0869846,0.449668
436,0.0467078,0.567303
437,0.0508642,0.564832
438,0.0369779,0.546139
439,0.0327559,0.475687
440,0.0588244,0.572254
441,0.103211,0.451886
442,0.0549576,0.580999
443,0.0858586,0.634562
444,0.545632,0.113889
445,0.0698496,0.608912
446,0.0980324,0.439603
447,0.0703704,0.604712
448,0.698816,0.252993
449,0.178363,0.786881
450,0.106284,0.416391
451,0.0592382,0.588173
452,0.0763167,0.618298
453,0.0486214,0.571749
454,0.0822612,0.451072
455,0.128833,0.40758
456,0.616667,0.236164
457,0.0613027,0.592891
458,0.129561,0.703909
459,0.15621,0.74856
460,0.152769,0.739626
461,0.136535,0.722029
462,0.0917989,0.645982
463,0.0903105,0.640049
464,0.0759441,0.618083
465,0.143493,0.726809
466,0.161886,0.728338
467,0.0812837,0.628803
468,0.107188,0.669366
469,0.101175,0.660872
470,0.117084,0.687287
471,0.139844,0.727446
472,0.0586633,0.513538
473,0.0435964,0.557303
474,0.145292,0.737273
475,0.309259,0.214936
